,n_clusters,noise_ratio,silhouette,davies_bouldin,calinski_harabasz,purity,ari,nmi,best_params
KMeans (Baseline),100,0.0,0.2249881774187088,1.9694280254079413,240.13006159882113,0.7229,0.20871451023978135,0.6683157046495979,{'n_clusters': 100}
Bisecting K-Means,100,0.0,0.16834372282028198,2.577997097697413,196.6240771927122,0.69332,0.22095988372897118,0.6428169618951561,{'n_clusters': 100}
HDBSCAN,250,0.30254,0.09899844974279404,1.4462111944876173,61.652797085442806,0.65446,0.021939677885614527,0.5472400424999657,"{'min_cluster_size': 30, 'min_samples': 5}"
OPTICS,96,0.80216,-0.2052943855524063,1.2466572056259568,26.353880703046492,0.34668,-0.018957521987257045,0.22455972003023877,"{'min_samples': 30, 'max_eps': 0.5}"
BIRCH,619,0.0,0.1861453801393509,1.77127059840278,63.074828431432174,0.78552,0.21714309070222756,0.6856826779866075,"{'threshold': 0.5, 'n_clusters': None}"
